epoch,train_loss
1,0.3039383364119551
2,0.2745426483710038
