epoch,train_loss
1,0.31541203715079225
2,0.2884597084791261
3,0.27945650500401203
4,0.2678069522615054
5,0.25790295464743607
